season,week,player_id,player_display_name,position,team,opponent_team,lambda,p_ge1,p_ge2,p_book,n_books,fair_amer,book_amer,sleeper_half_ppr,scoring_tds,scored_anytime
2025,16,00-0034844,Saquon Barkley,RB,PHI,WAS,1.1033026475614403,0.6682264587791584,0.3021798323593693,0.5555555555555556,8.0,-201,-125,15.87,1.0,1
2025,16,00-0032764,Derrick Henry,RB,BAL,NE,1.0396745109195922,0.646430253676742,0.27883280059214444,0.5942386831275721,8.0,-183,-146,14.99,2.0,1
2025,16,00-0037248,James Cook,RB,BUF,CLE,1.0042189406163633,0.6336693509166131,0.2657931745787895,0.5670914542728636,8.0,-173,-131,17.76,2.0,1
2025,16,00-0039139,Jahmyr Gibbs,RB,DET,PIT,0.8572313159926823,0.5756646921965727,0.2119111778660806,0.7296803652968036,8.0,-136,-270,21.97,1.0,1
2025,16,00-0039361,Bucky Irving,RB,TB,CAR,0.8257853962291747,0.5621090605189814,0.20050511755448286,0.39607843137254906,8.0,-128,152,14.76,0.0,0
2025,16,00-0033280,Christian McCaffrey,RB,SF,IND,0.8212465354953786,0.560117017144241,0.19886464145057592,0.6666666666666666,8.0,-127,-200,19.04,2.0,1
2025,16,00-0040666,Omarion Hampton,RB,LAC,DAL,0.7971622235290866,0.5493941297905823,0.19018815235918396,0.48780487804878053,8.0,-122,105,12.41,1.0,1
2025,16,00-0038542,Bijan Robinson,RB,ATL,ARI,0.7662174853035693,0.5352322615124466,0.1791190936782866,0.6799795186891961,8.0,-115,-212,21.57,1.0,1
2025,16,00-0038597,Chase Brown,RB,CIN,MIA,0.6619595738612297,0.484160482184981,0.14269557479136885,0.5,8.0,107,100,12.08,3.0,1
2025,16,00-0039040,De'Von Achane,RB,MIA,CIN,0.6608318662160176,0.48357843789082167,0.1423106132480223,0.6632996632996633,7.0,107,-197,17.59,1.0,1
2025,16,00-0036223,Jonathan Taylor,RB,IND,SF,0.6576648257280407,0.48194031726680286,0.14123068630535074,0.7122153209109732,8.0,107,-247,21.67,1.0,1
2025,16,00-0036963,Amon-Ra St. Brown,WR,DET,PIT,0.6557886158289059,0.4809674161637735,0.1405917564397139,0.5348837209302326,7.0,108,-115,18.16,0.0,0
2025,16,00-0036997,Javonte Williams,RB,DAL,LAC,0.6544030057894338,0.4802477409253221,0.14012030032100442,0.5833333333333333,8.0,108,-140,13.93,0.0,0
2025,16,00-0040730,RJ Harvey,RB,DEN,JAX,0.6537842276847061,0.4799260300839765,0.13990987132350996,0.5370271139213375,8.0,108,-116,13.38,1.0,1
2025,16,00-0036900,Ja'Marr Chase,WR,CIN,MIA,0.6083699619279235,0.4557627260818583,0.12466511646852163,0.5555555555555556,7.0,119,-125,16.01,0.0,0
2025,16,00-0040734,TreVeyon Henderson,RB,NE,BAL,0.5954264204549523,0.448672581553044,0.12039767028850334,0.46511627906976744,8.0,123,115,12.12,0.0,0
2025,16,00-0034857,Josh Allen,QB,BUF,CLE,0.5901807978663993,0.4457729273965172,0.11867875148823492,0.5348837209302326,8.0,124,-115,24.66,0.0,0
2025,16,00-0040122,Ashton Jeanty,RB,LV,HOU,0.5862608325291506,0.4435961127514032,0.11739830659058514,0.3077651515151515,8.0,125,225,12.28,2.0,1
2025,16,00-0036973,Travis Etienne,RB,JAX,DEN,0.5788727164882337,0.43947011335349284,0.11499465519758756,0.5555555555555556,8.0,128,-125,12.75,1.0,1
2025,16,00-0035700,Josh Jacobs,RB,GB,CHI,0.5644078474798048,0.43130319768329684,0.11032625961907838,0.5346320346320346,8.0,132,-115,16.16,0.0,0
2025,16,00-0039064,Zay Flowers,WR,BAL,NE,0.562611511582838,0.4302807091112911,0.10975007768649214,0.37037037037037035,8.0,132,170,11.64,1.0,1
2025,16,00-0036919,Kenneth Gainwell,RB,PIT,DET,0.545253372106702,0.4203051137837496,0.10422452228132806,0.4347826086956522,8.0,138,130,11.94,1.0,1
2025,16,00-0036554,Nico Collins,WR,HOU,LV,0.5447334473610997,0.42000363770186033,0.10406021981029745,0.48780487804878053,8.0,138,105,14.32,0.0,0
2025,16,00-0033293,Aaron Jones,RB,MIN,NYG,0.5245620843685304,0.4081855275626526,0.09774209434145542,0.32291666666666663,8.0,145,210,11.86,0.0,0
2025,16,00-0039391,Kimani Vidal,RB,LAC,DAL,0.523504592345733,0.40755935745247907,0.09741396038659511,0.2797339593114241,8.0,145,257,8.68,0.0,0
2025,16,00-0038543,Jaxon Smith-Njigba,WR,SEA,LA,0.5215279985539827,0.4063871848835602,0.09680148149988799,0.4484304932735426,7.0,146,123,16.61,1.0,1
2025,16,00-0037840,Kyren Williams,RB,LA,SEA,0.5017435878430944,0.39452595835121484,0.09073324034849417,0.45454545454545453,7.0,153,120,12.13,0.0,0
2025,16,00-0036259,Jauan Jennings,WR,SF,IND,0.5012699315373861,0.3942391038235803,0.09058938086920076,0.4166666666666667,8.0,154,140,10.81,1.0,1
2025,16,00-0040784,Quinshon Judkins,RB,CLE,BUF,0.5007197679091129,0.3939057445183999,0.09042236958260652,0.47732968785600366,8.0,154,109,13.22,0.0,0
2025,16,00-0037240,Jameson Williams,WR,DET,PIT,0.4982033944853895,0.3923786644956483,0.08965965258563457,0.39607843137254906,8.0,155,152,12.51,0.0,0
2025,16,00-0036912,DeVonta Smith,WR,PHI,WAS,0.49624154177507923,0.3911854308401226,0.08906635038509447,0.35714285714285715,8.0,156,180,11.73,1.0,1
2025,16,00-0037525,Jordan Mason,RB,MIN,NYG,0.49330375402507576,0.3893942330656398,0.08818011600755948,0.3252247488101534,8.0,157,207,9.08,0.0,0
2025,16,00-0036358,CeeDee Lamb,WR,DAL,LAC,0.4895277884005728,0.3870842482125033,0.08704495576409554,0.42109929078014185,8.0,158,137,14.64,0.0,0
2025,16,00-0037228,Jaylen Warren,RB,PIT,DET,0.48462318658778497,0.3840707565577063,0.08557716388809833,0.4,8.0,160,150,10.36,2.0,1
2025,16,00-0035676,A.J. Brown,WR,PHI,WAS,0.4809936442160789,0.38183115336194395,0.08449586707665502,0.4444444444444444,8.0,162,125,13.52,0.0,0
2025,16,00-0034383,Dalton Schultz,TE,HOU,LV,0.47380324729436446,0.3773702553961682,0.08236626054081186,0.36363636363636365,8.0,165,175,8.32,1.0,1
2025,16,00-0039405,Jawhar Jordan,RB,HOU,LV,0.4731293073968992,0.37695049894050736,0.08216752003024597,0.3508771929824561,7.0,165,185,7.63,0.0,0
2025,16,00-0036322,Justin Jefferson,WR,MIN,NYG,0.4679210365720923,0.3736970232650102,0.08063668518298672,0.425531914893617,8.0,168,135,11.14,0.0,0
2025,16,00-0035640,DK Metcalf,WR,PIT,DET,0.46311325760025046,0.37067864695446373,0.0792315850681482,0.3846153846153846,8.0,170,160,11.84,0.0,0
2025,16,00-0033288,George Kittle,TE,SF,IND,0.4602948904513875,0.3689024865666167,0.07841152575665455,0.45454545454545453,8.0,171,120,12.6,1.0,1
2025,16,00-0038559,Michael Wilson,WR,ARI,ATL,0.4582723172360169,0.3676247539213262,0.07782468453815583,0.3846153846153846,8.0,172,160,11.84,1.0,1
2025,16,00-0040124,Tetairoa McMillan,WR,CAR,TB,0.45813063832306616,0.367535153336778,0.07778362941805594,0.38098693759071117,8.0,172,162,12.14,1.0,1
2025,16,00-0038134,Kenneth Walker III,RB,SEA,LA,0.4487476570595665,0.3615728190389761,0.07508011737957265,0.3508771929824561,7.0,177,185,9.51,1.0,1
2025,16,00-0037744,Trey McBride,TE,ARI,ATL,0.4481754976478037,0.3612074323989294,0.07491625552060133,0.46511627906976744,8.0,177,115,14.35,0.0,0
2025,16,00-0036275,D'Andre Swift,RB,CHI,GB,0.4395365632577824,0.3556650396043024,0.07245626552513817,0.4166666666666667,7.0,181,140,10.73,0.0,0
2025,16,00-0036139,Rico Dowdle,RB,CAR,TB,0.4386565925909741,0.355097794196499,0.07220719004433218,0.45454545454545453,8.0,182,120,12.22,0.0,0
2025,16,00-0037197,Isiah Pacheco,RB,KC,TEN,0.43604269498137316,0.3534098808069859,0.07146898268573676,0.24390243902439027,8.0,183,310,7.58,0.0,0
2025,16,00-0034348,Courtland Sutton,WR,DEN,JAX,0.4298271628750094,0.3493784634381891,0.06972365427244676,0.3846153846153846,8.0,186,160,11.1,1.0,1
2025,16,00-0037247,George Pickens,WR,DAL,LAC,0.42923737274208196,0.34899462009327287,0.06955878118114833,0.367003367003367,8.0,187,172,13.14,1.0,1
2025,16,00-0040743,Tyler Shough,QB,NO,NYJ,0.42528960737232097,0.34641952400574316,0.06845853998393103,0.2580752580752581,8.0,189,287,20.55,0.0,0
2025,16,00-0039075,Puka Nacua,WR,LA,SEA,0.41998963857702115,0.34294637220965607,0.06699065654826886,0.45454545454545453,7.0,192,120,17.26,2.0,1
2025,16,00-0031408,Mike Evans,WR,TB,CAR,0.4090412144353948,0.33571314644958894,0.06399244513986158,0.4166666666666667,8.0,198,140,12.5,1.0,1
2025,16,00-0036924,Michael Carter,RB,ARI,ATL,0.4026419653590702,0.33144857895375235,0.06226172084009185,0.47619047619047616,8.0,202,110,9.6,0.0,0
2025,16,00-0035261,Tony Pollard,RB,TEN,KC,0.3992379415578107,0.32916893622635024,0.061347723192321846,0.425531914893617,8.0,204,135,9.26,0.0,0
2025,16,00-0038935,Brenton Strange,TE,JAX,DEN,0.39041055402911884,0.3232210368768822,0.0589993869287333,0.23128342245989303,8.0,209,332,8.24,1.0,1
2025,16,00-0039915,Ladd McConkey,WR,LAC,DAL,0.38563532244583043,0.3199815320602367,0.057742390907166485,0.4040816326530612,8.0,213,147,11.94,1.0,1
2025,16,00-0039384,Tyrone Tracy Jr.,RB,NYG,MIN,0.38542471846255283,0.31983830238034516,0.057687171566277784,0.37037037037037035,8.0,213,170,10.89,0.0,0
2025,16,00-0038120,Breece Hall,RB,NYJ,NO,0.3810441233434582,0.31685225380774773,0.05654281974586162,0.4396135265700483,8.0,216,127,11.46,0.0,0
2025,16,00-0033923,Kareem Hunt,RB,KC,TEN,0.378336594502235,0.3150001053408833,0.055839577961163345,0.3508771929824561,8.0,217,185,7.91,0.0,0
2025,16,00-0036613,Jaylen Waddle,WR,MIA,CIN,0.3770962179222982,0.31414992034851563,0.05551844925023386,0.3225806451612903,8.0,218,210,11.98,0.0,0
2025,16,00-0034827,DJ Moore,WR,CHI,GB,0.3745308564874799,0.312388208256144,0.05485637496342699,0.42109929078014185,8.0,220,137,9.44,1.0,1
2025,16,00-0039165,Zach Charbonnet,RB,SEA,LA,0.3706171700568784,0.3096918383858652,0.05385178106126842,0.37037037037037035,7.0,223,170,7.06,1.0,1
2025,16,00-0036389,Jalen Hurts,QB,PHI,WAS,0.3682287731958434,0.3080411380604746,0.05324197522649121,0.5121951219512195,8.0,225,-105,23.96,0.0,0
2025,16,00-0040236,Kyle Monangai,RB,CHI,GB,0.3664226715953704,0.30679026078677163,0.05278249616833042,0.3846153846153846,8.0,226,160,8.21,0.0,0
2025,16,00-0036410,Tee Higgins,WR,CIN,MIA,0.3627722466799536,0.3042551263393447,0.05185819540540826,0.4576874738165061,8.0,229,118,12.23,1.0,1
2025,16,00-0036970,Kyle Pitts,TE,ATL,ARI,0.3598702828884143,0.30223316750113993,0.05112762009962235,0.35714285714285715,8.0,231,180,10.4,1.0,1
2025,16,00-0033526,Samaje Perine,RB,CIN,MIA,0.3594966471380633,0.301972408155636,0.0510338292777307,0.2721214365049981,8.0,231,267,7.82,1.0,1
2025,16,00-0037238,Drake London,WR,ATL,ARI,0.358296789202543,0.30113437154845324,0.05073306079024664,0.43015726179463465,8.0,232,132,12.39,0.0,0
2025,16,00-0039338,Brock Bowers,TE,LV,HOU,0.34886390582559484,0.29451086330154086,0.048391167555389414,0.2857142857142857,8.0,240,250,10.81,1.0,1
2025,16,00-0037263,Tyler Allgeier,RB,ATL,ARI,0.34724166275761714,0.2933654596296087,0.04799250686942946,0.4040816326530612,8.0,241,147,7.51,0.0,0
2025,16,00-0038611,Chris Rodriguez Jr.,RB,WAS,PHI,0.341707354825597,0.28944388489606576,0.04664163434874802,0.3419053185271771,8.0,245,192,7.55,1.0,1
2025,16,00-0040128,Tyler Warren,TE,IND,SF,0.33963886767453383,0.28797258754662836,0.04614040342773695,0.30536130536130535,8.0,247,227,8.94,0.0,0
2025,16,00-0034753,Mark Andrews,TE,BAL,NE,0.3385697175569383,0.2872109162569525,0.04588211749639992,0.4,8.0,248,150,7.85,0.0,0
2025,16,00-0039893,Brian Thomas Jr.,WR,JAX,DEN,0.3365809769449097,0.2857919531512014,0.045403111000916985,0.2857142857142857,8.0,250,250,9.38,0.0,0
2025,16,00-0034351,Dallas Goedert,TE,PHI,WAS,0.33361486100387255,0.2836703844242514,0.044692179290990675,0.35401002506265666,8.0,253,182,9.33,1.0,1
2025,16,00-0037239,Chris Olave,WR,NO,NYJ,0.3313906024372585,0.2820753088676653,0.04416181296873811,0.39607843137254906,8.0,255,152,11.92,2.0,1
2025,16,00-0038994,Jordan Addison,WR,MIN,NYG,0.3264864089152544,0.27854581967311476,0.043000835141291605,0.3077651515151515,8.0,259,225,7.88,0.0,0
2025,16,00-0035685,David Montgomery,RB,DET,PIT,0.3260669982885093,0.2782431706605065,0.04290208782354599,0.5454545454545454,8.0,259,-120,7.39,0.0,0
2025,16,00-0040129,Emeka Egbuka,WR,TB,CAR,0.3189238749555692,0.2730691151539917,0.04123350053402208,0.3149801587301587,8.0,266,217,8.06,0.0,0
2025,16,00-0037545,Rashid Shaheed,WR,SEA,LA,0.3158597835249606,0.27083831651894963,0.04052546501992926,0.2127659574468085,7.0,269,370,8.16,0.0,0
2025,16,00-0034960,Jakobi Meyers,WR,JAX,DEN,0.31545516296179293,0.2705432230115147,0.0404323165530277,0.3225806451612903,8.0,270,210,9.55,0.0,0
2025,16,00-0033090,Hunter Henry,TE,NE,BAL,0.31522961561908497,0.2703786774181315,0.04038042835316058,0.3076923076923077,8.0,270,225,8.03,1.0,1
2025,16,00-0036252,Michael Pittman,WR,IND,SF,0.31510123766585946,0.2702850041134438,0.04035090576625233,0.22857889237199583,8.0,270,337,7.26,0.0,0
2025,16,00-0038124,Christian Watson,WR,GB,CHI,0.3138622471211649,0.2693803338099723,0.040066403588654764,0.36363636363636365,8.0,271,175,9.88,0.0,0
2025,16,00-0039738,Blake Corum,RB,LA,SEA,0.31224219049822244,0.2681957292767905,0.039695560770221294,0.26666666666666666,7.0,273,275,7.79,1.0,1
2025,16,00-0031610,Darren Waller,TE,MIA,CIN,0.3112291684024888,0.2674540197601605,0.03946434351352923,0.2898550724637681,8.0,274,245,8.1,0.0,0
2025,16,00-0036875,Rhamondre Stevenson,RB,NE,BAL,0.3105113546063668,0.26692799937949374,0.03930081944282093,0.3149801587301587,8.0,275,217,7.19,1.0,1
2025,16,00-0037261,Khalil Shakir,WR,BUF,CLE,0.30930042263415797,0.2660397613666464,0.0390255493606827,0.2649122807017544,8.0,276,277,9.31,0.0,0
2025,16,00-0039793,AJ Barner,TE,SEA,LA,0.3064236520026602,0.2639252861355853,0.03837458416643824,0.29850746268656714,7.0,279,235,7.33,1.0,1
2025,16,00-0039373,Audric Estimé,RB,NO,NYJ,0.3064118009523794,0.26391656282545073,0.0383719111895795,0.39607843137254906,8.0,279,152,9.95,0.0,0
2025,16,00-0040126,Colston Loveland,TE,CHI,GB,0.30278811758211616,0.26124439088656803,0.03755797064988242,0.3333333333333333,8.0,283,200,8.32,0.0,0
2025,16,00-0038041,Jake Ferguson,TE,DAL,LAC,0.29759677307568755,0.2573992840118622,0.03640370725009734,0.36038961038961037,8.0,289,177,7.76,0.0,0
2025,16,00-0031588,Stefon Diggs,WR,NE,BAL,0.29610971712031575,0.2562941737179141,0.036075651876794956,0.31009615384615385,8.0,290,222,9.75,0.0,0
2025,16,00-0034791,Nick Chubb,RB,HOU,LV,0.2954258978195213,0.2557854393984399,0.035925184662363496,0.425531914893617,8.0,291,135,8.64,0.0,0
2025,16,00-0035229,T.J. Hockenson,TE,MIN,NYG,0.2910894810194755,0.25255120745431725,0.03497672634356086,0.23255813953488372,7.0,296,330,6.7,0.0,0
2025,16,00-0033921,Chris Godwin Jr.,WR,TB,CAR,0.2867321214739324,0.2492871982568603,0.03403372399541016,0.25,8.0,301,300,9.48,0.0,0
2025,16,00-0040130,Jayden Higgins,WR,HOU,LV,0.2849104873350122,0.24791842786775098,0.03364250063586982,0.2631578947368421,8.0,303,280,8.29,0.0,0
2025,16,00-0037816,Romeo Doubs,WR,GB,CHI,0.28337963550919776,0.24676622071569687,0.033315106888895496,0.3030998851894374,8.0,305,230,7.3,1.0,1
2025,16,00-0040691,Jaxson Dart,QB,NYG,MIN,0.2823188795091035,0.2459667995444046,0.033088991279117796,0.30303030303030304,8.0,307,230,20.02,0.0,0
2025,16,00-0037664,Alec Pierce,WR,IND,SF,0.2809709036668703,0.2449496956442152,0.032802529315425044,0.17624223602484473,8.0,308,467,6.82,2.0,1
2025,16,00-0040705,Chimere Dike,WR,TEN,KC,0.278265911114457,0.24290452535607632,0.03223066330365265,0.2299154334038055,8.0,312,335,6.89,1.0,1
2025,16,00-0036309,Darnell Mooney,WR,ATL,ARI,0.27665338299733644,0.24168270276898374,0.03189165710462627,0.20620748299319727,8.0,314,385,6.21,0.0,0
2025,16,00-0039849,Marvin Harrison Jr.,WR,ARI,ATL,0.27547611385309184,0.2407894335074069,0.03164505705382292,0.30303030303030304,8.0,315,230,9.48,0.0,0
2025,16,00-0039847,Theo Johnson,TE,NYG,MIN,0.27381280608284647,0.2395255818771691,0.03129794749673698,0.2580752580752581,8.0,317,287,7.29,0.0,0
2025,16,00-0038997,Josh Downs,WR,IND,SF,0.2700372130334194,0.23664891280122002,0.03051571264803077,0.2127659574468085,8.0,323,370,6.82,0.0,0
2025,16,00-0033555,Mack Hollins,WR,NE,BAL,0.26886404133064196,0.23575284538874186,0.03027426682451495,0.21507863089731732,8.0,324,365,7.54,0.0,0
2025,16,00-0036971,Trevor Lawrence,QB,JAX,DEN,0.268827751775603,0.2357251106963244,0.030266810466269445,0.19615384615384615,8.0,324,410,20.08,1.0,1
2025,16,00-0039868,Troy Franklin,WR,DEN,JAX,0.2675768167539308,0.23476845423832737,0.03001023314372908,0.30076888285843506,8.0,326,232,5.45,0.0,0
2025,16,00-0038454,Keaton Mitchell,RB,BAL,NE,0.2672994146879813,0.23455614798086766,0.02995345435963981,0.18181818181818182,8.0,326,450,4.3,0.0,0
2025,16,00-0035291,Trayveon Williams,RB,CLE,BUF,0.2652850435480061,0.23301270596546364,0.029542448266744348,0.058823529411764705,7.0,329,1600,5.52,0.0,0
2025,16,00-0035689,Dawson Knox,TE,BUF,CLE,0.26501085052814033,0.23280237456873099,0.029486679330020804,0.2152777777777778,8.0,330,365,4.45,0.0,0
2025,16,00-0037291,Jalen Nailor,WR,MIN,NYG,0.2649662315767939,0.23276814225150944,0.029477608158228974,0.2299154334038055,8.0,330,335,5.09,0.0,0
2025,16,00-0037838,Isaiah Likely,TE,BAL,NE,0.26395254359168446,0.231990014212626,0.02927182496023517,0.2758751902587519,8.0,331,262,5.78,0.0,0
2025,16,00-0040189,Oronde Gadsden II,TE,LAC,DAL,0.26288821596621204,0.23117216481546488,0.029056386838637538,0.34785238959467635,8.0,333,187,8.72,0.0,0
2025,16,00-0038117,Wan'Dale Robinson,WR,NYG,MIN,0.26230662265917193,0.23072488963873838,0.028938933544114143,0.2857142857142857,7.0,333,250,9.77,0.0,0
2025,16,00-0035537,Ty Johnson,RB,BUF,CLE,0.26210747238855603,0.23057167303627435,0.028898759071656732,0.16666666666666666,8.0,334,500,6.71,1.0,1
2025,16,00-0039894,Xavier Worthy,WR,KC,TEN,0.260039252587835,0.2289786793725337,0.028482871427281897,0.2631578947368421,8.0,337,280,10.48,0.0,0
2025,16,00-0030279,Keenan Allen,WR,LAC,DAL,0.2556418138734354,0.22558069462844643,0.027606738704656686,0.3509852216748769,8.0,343,185,9.75,0.0,0
2025,16,00-0035659,Terry McLaurin,WR,WAS,PHI,0.2553353965529287,0.22534336278050826,0.027546103123710974,0.2985739750445633,8.0,344,235,9.9,0.0,0
2025,16,00-0037563,Malik Davis,RB,DAL,LAC,0.25139313007270536,0.22228343231825132,0.02677083005933556,0.15384615384615385,8.0,350,550,5.92,0.0,0
2025,16,00-0033908,Cooper Kupp,WR,SEA,LA,0.2512793840335968,0.22219496510782633,0.026748595041890755,0.20833333333333334,7.0,350,380,6.84,0.0,0
2025,16,00-0039732,Bo Nix,QB,DEN,JAX,0.2500880448734199,0.2212677833264558,0.0265161657786247,0.21164613661814108,8.0,352,372,19.87,0.0,0
2025,16,00-0030506,Travis Kelce,TE,KC,TEN,0.24920784202523388,0.22058203925869846,0.02634497122665025,0.367003367003367,8.0,353,172,8.94,0.0,0
2025,16,00-0038606,Parker Washington,WR,JAX,DEN,0.24716220519902862,0.21898600127473122,0.025948859058482543,0.21164613661814108,8.0,357,372,6.83,1.0,1
2025,16,00-0036244,Colby Parkinson,TE,LA,SEA,0.24464423718184958,0.2170169550475991,0.025464665288897126,0.3225806451612903,7.0,361,210,7.43,0.0,0
2025,16,00-0039146,Jayden Reed,WR,GB,CHI,0.2419827721136679,0.21493029747307624,0.024956954553158717,0.30536130536130535,8.0,365,227,9.24,0.0,0
2025,16,00-0033077,Dak Prescott,QB,DAL,LAC,0.24110378120860748,0.21423992497359245,0.024790199761966503,0.16666666666666666,8.0,367,500,21.84,0.0,0
2025,16,00-0040242,Jacory Croskey-Merritt,RB,WAS,PHI,0.24086612811427488,0.21405316446913258,0.024745193291145884,0.18181818181818182,7.0,367,450,5.85,1.0,1
2025,16,00-0040663,Harold Fannin Jr.,TE,CLE,BUF,0.24054286506461886,0.21379905582845715,0.024684028200925745,0.24695121951219512,8.0,368,305,10.02,2.0,1
2025,16,00-0038544,Quentin Johnston,WR,LAC,DAL,0.24002107912636014,0.2133887201867687,0.024585431953029646,0.2821939586645469,6.0,369,254,8.75,1.0,1
2025,16,00-0038619,Andrei Iosivas,WR,CIN,MIA,0.23961766702758922,0.2130713276637748,0.024509315081450378,0.2,8.0,369,400,5.83,0.0,0
2025,16,00-0038563,Tre Tucker,WR,LV,HOU,0.2373295049247431,0.21126864567030457,0.02407942382861583,0.14389233954451347,8.0,373,595,7.08,0.0,0
2025,16,00-0038397,Evan Hull,RB,NO,NYJ,0.23542038272285556,0.2097614228519432,0.023723154577382832,0.2758751902587519,8.0,377,262,7.08,0.0,0
2025,16,00-0038933,Dalton Kincaid,TE,BUF,CLE,0.2347938295521247,0.20926614122186205,0.023606710362814143,0.26846846846846845,8.0,378,272,6.82,0.0,0
2025,16,00-0039890,Adonai Mitchell,WR,NYJ,NO,0.22908956522716017,0.20474269708573678,0.02255754731738413,0.24845679012345678,8.0,388,302,8.47,0.0,0
2025,16,00-0039491,Jalen Coker,WR,CAR,TB,0.22858392335431707,0.2043404800133718,0.02246550528061575,0.25641025641025644,8.0,389,290,8.8,0.0,0
2025,16,00-0039410,Ryan Flournoy,WR,DAL,LAC,0.2275233624925409,0.2034961870342673,0.022272961270173863,0.20620748299319727,8.0,391,385,5.02,1.0,1
2025,16,00-0035359,David Sills,WR,ATL,ARI,0.22410523090519832,0.20076897386029313,0.021657120200655577,0.13333333333333333,7.0,398,650,4.4,0.0,0
2025,16,00-0036355,Justin Herbert,QB,LAC,DAL,0.22375171367647056,0.20048638197521196,0.02159383983449048,0.15692307692307694,8.0,399,537,23.35,1.0,1
2025,16,00-0035719,Deebo Samuel Sr.,WR,WAS,PHI,0.22255164451561915,0.19952633439200995,0.02137960371950587,0.27027027027027023,7.0,401,270,8.82,0.0,0
2025,16,00-0039851,Drake Maye,QB,NE,BAL,0.2219724084281949,0.19906253684668684,0.021276519150177364,0.2127659574468085,8.0,402,370,21.86,0.0,0
2025,16,00-0038558,Darnell Washington,TE,PIT,DET,0.21580408439591373,0.1941068265438719,0.020191788125254906,0.18783068783068782,8.0,415,432,5.69,0.0,0
2025,16,00-0040134,Pat Bryant,WR,DEN,JAX,0.21572303044644883,0.19404150307198953,0.020177693700614174,0.25641025641025644,8.0,415,290,5.71,0.0,0
2025,16,00-0036040,Juwan Johnson,TE,NO,NYJ,0.2139785567470742,0.19263430261608327,0.01987535592277767,0.32002048131080385,8.0,419,212,8.86,0.0,0
2025,16,00-0036290,Cole Kmet,TE,CHI,GB,0.213746203837562,0.19244668705158863,0.0198352320124191,0.22474747474747475,8.0,420,345,4.78,0.0,0
2025,16,00-0038129,Cade Otton,TE,TB,CAR,0.21292590378408352,0.19178397925333013,0.01969385258306977,0.2299154334038055,8.0,421,335,5.57,0.0,0
2025,16,00-0038705,Emari Demercado,RB,ARI,ATL,0.21282748157047815,0.19170442892880157,0.019676918173147095,0.20620748299319727,8.0,422,385,5.91,0.0,0
2025,16,00-0036555,Chuba Hubbard,RB,CAR,TB,0.21141308301461495,0.19056036795199793,0.019434239826514266,0.3419053185271771,8.0,425,192,5.77,0.0,0
2025,16,00-0035535,Darius Slayton,WR,NYG,MIN,0.21135299042613268,0.19051172516776715,0.019423957567083594,0.2152777777777778,8.0,425,365,7.17,0.0,0
2025,16,00-0039342,Xavier Legette,WR,CAR,TB,0.209700213362646,0.18917271527635626,0.019142060669553262,0.24390243902439027,8.0,429,310,5.34,0.0,0
2025,16,00-0036550,Rashod Bateman,WR,BAL,NE,0.2087993639754382,0.18844195290978616,0.0189891488482008,0.2,8.0,431,400,5.03,0.0,0
2025,16,00-0039855,Jalen McMillan,WR,TB,CAR,0.20241229789789142,0.183241889139673,0.01792000309369335,0.18181818181818182,8.0,446,450,4.84,0.0,0
2025,16,00-0035250,Devin Singletary,RB,NYG,MIN,0.2021599022020765,0.1830357168905703,0.01787829731457835,0.3225806451612903,8.0,446,210,5.26,0.0,0
2025,16,00-0034829,Mike Gesicki,TE,CIN,MIA,0.20097177875367742,0.18206448561222777,0.017682530379913186,0.2631578947368421,8.0,449,280,4.97,1.0,1
2025,16,00-0037746,Brian Robinson,RB,SF,IND,0.20090024839681148,0.18200597630041926,0.01767077375206627,0.2222222222222222,8.0,449,350,4.54,0.0,0
2025,16,00-0037256,Rachaad White,RB,TB,CAR,0.2005990799586694,0.18175958521714564,0.01762131082670504,0.18187830687830686,8.0,450,450,4.51,0.0,0
2025,16,00-0038797,Emanuel Wilson,RB,GB,CHI,0.19987933943389602,0.1811704524456862,0.017503343371574,0.5202485043718361,6.0,452,-108,4.69,0.0,0
2025,16,00-0035208,Olamide Zaccheaus,WR,CHI,GB,0.1997156149945278,0.18103637906182934,0.017476555848017217,0.25003906860446945,8.0,452,300,6.68,0.0,0
2025,16,00-0040170,Elic Ayomanor,WR,TEN,KC,0.19853332511726626,0.18006755405980512,0.017283639195765033,0.17391304347826086,8.0,455,475,5.94,0.0,0
2025,16,00-0039880,Malik Washington,WR,MIA,CIN,0.1972713127568233,0.17903213596050427,0.017078727690267748,0.19615384615384615,8.0,459,410,6.05,1.0,1
2025,16,00-0036894,Pat Freiermuth,TE,PIT,DET,0.1948677528043433,0.1770565171722377,0.016691369988612093,0.19139194139194138,8.0,465,422,5.26,0.0,0
2025,16,00-0039032,Tyjae Spears,RB,TEN,KC,0.19470098002942024,0.17691926115903678,0.016664634663361988,0.24695121951219512,8.0,465,305,6.88,1.0,1
2025,16,00-0033307,Kendrick Bourne,WR,SF,IND,0.1942279270244061,0.17652980823348297,0.01658889992028223,0.19139194139194138,8.0,466,422,5.29,0.0,0
2025,16,00-0040737,Terrance Ferguson,TE,LA,SEA,0.19174929750459116,0.1744861990787543,0.01619450767176056,0.17857142857142858,7.0,473,460,3.61,1.0,1
2025,16,00-0039150,Bryce Young,QB,CAR,TB,0.1914864033375943,0.1742691477862074,0.016152916770901693,0.14039408866995073,8.0,474,612,19.13,0.0,0
2025,16,00-0036407,Jerry Jeudy,WR,CLE,BUF,0.18673233256754712,0.1703342188235598,0.015408792253006953,0.2,8.0,487,400,7.11,0.0,0
2025,16,00-0034796,Lamar Jackson,QB,BAL,NE,0.1837579461133546,0.16786279850501173,0.014950975473777883,0.26144907723855093,8.0,496,282,21.67,0.0,0
2025,16,00-0037614,John Metchie III,WR,NYJ,NO,0.18196647629718138,0.16637071371223744,0.014678129948319074,0.19803921568627453,8.0,501,405,7.26,0.0,0
2025,16,00-0036264,Jordan Love,QB,GB,CHI,0.18135807410816895,0.16586337751305735,0.014585966115732707,0.11369509043927647,8.0,503,780,20.31,0.0,0
2025,16,00-0039874,Jaylen Wright,RB,MIA,CIN,0.17996778093981042,0.16470287653397375,0.014376306798386196,0.11369509043927647,8.0,507,780,4.91,1.0,1
2025,16,00-0038951,Sean Tucker,RB,TB,CAR,0.17945681996892193,0.16427596324606142,0.014299585238609192,0.30536130536130535,8.0,509,227,4.29,1.0,1
2025,16,00-0040727,Tre Harris,WR,LAC,DAL,0.17805638894292292,0.1631047694791865,0.01409022680909533,0.26846846846846845,8.0,513,272,3.82,0.0,0
2025,16,00-0039923,J.J. McCarthy,QB,MIN,NYG,0.177620410157747,0.16273982136422727,0.014025325026192803,0.2,7.0,514,400,20.45,1.0,1
2025,16,00-0038608,Kayshon Boutte,WR,NE,BAL,0.1760905175924268,0.16145792290826633,0.013798614530154296,0.24845679012345678,8.0,519,302,7.02,0.0,0
2025,16,00-0039144,Luke Musgrave,TE,GB,CHI,0.1753916535924625,0.16087169121387845,0.013695589559634125,0.15384615384615385,8.0,522,550,3.89,0.0,0
2025,16,00-0039163,C.J. Stroud,QB,HOU,LV,0.1751641415373266,0.16068075768880796,0.013662123133608595,0.125,7.0,522,700,18.52,0.0,0
2025,16,00-0036988,Josh Palmer,WR,BUF,CLE,0.17158128184332883,0.15766820104389756,0.013139831241612332,0.15936507936507938,8.0,534,527,4.59,0.0,0
2025,16,00-0037005,Tommy Tremble,TE,CAR,TB,0.16871295168217645,0.15524864695814355,0.01272815274893968,0.09761904761904762,8.0,544,924,3.38,0.0,0
2025,16,00-0033881,Evan Engram,TE,DEN,JAX,0.16565485755172665,0.15266136374225125,0.012295602654899485,0.2040816326530612,8.0,555,390,4.22,0.0,0
2025,16,00-0033858,Jonnu Smith,TE,PIT,DET,0.16536863250539968,0.15241879948950754,0.012255455423802575,0.17624223602484473,8.0,556,467,4.0,0.0,0
2025,16,00-0026158,Joe Flacco,QB,CIN,MIA,0.16148341422910306,0.14911935614023963,0.011716244668308007,,,571,,,0.0,0
2025,16,00-0034775,Christian Kirk,WR,HOU,LV,0.1601409866558334,0.14797634346815014,0.011532434457028784,0.16333333333333333,8.0,576,512,4.34,0.0,0
2025,16,00-0040669,Isaac TeSlaa,WR,DET,PIT,0.15459705187354728,0.14323966208895023,0.010787039685717703,0.21052631578947367,8.0,598,375,2.76,1.0,1
2025,16,00-0033857,JuJu Smith-Schuster,WR,KC,TEN,0.15443819943519593,0.1431035528098311,0.010766008403364946,0.16666666666666666,7.0,599,500,4.99,0.0,0
2025,16,00-0035662,Marquise Brown,WR,KC,TEN,0.1501150183988408,0.13939101513522556,0.010200681538042211,0.2,7.0,617,400,8.03,0.0,0
2025,16,00-0036415,Van Jefferson,WR,TEN,KC,0.14957703216305943,0.13892789478196088,0.01013128480504899,0.13333333333333333,8.0,620,650,5.24,0.0,0
2025,16,00-0040194,Jackson Hawes,TE,BUF,CLE,0.14953964566297118,0.13889570170783372,0.010126470062361781,0.10813953488372094,8.0,620,825,1.94,0.0,0
2025,16,00-0037834,Brock Purdy,QB,SF,IND,0.14812300591569397,0.1376749626627508,0.00994478605599447,0.15384615384615385,8.0,626,550,22.62,0.0,0
2025,16,00-0035249,Josh Oliver,TE,MIN,NYG,0.1466181748596143,0.13637633230154578,0.009753406378032459,0.13333333333333333,8.0,633,650,1.99,0.0,0
2025,16,00-0030565,Geno Smith,QB,LV,HOU,0.1460715923244139,0.13590416165943797,0.0096843066321326,0.05718954248366013,8.0,636,1649,16.52,0.0,0
2025,16,00-0034869,Sam Darnold,QB,SEA,LA,0.14556170781914451,0.13546346023653477,0.009620045036511038,0.07142857142857142,7.0,638,1300,18.32,0.0,0
2025,16,00-0040668,Shedeur Sanders,QB,CLE,BUF,0.1454688176303885,0.13538314954418973,0.009608358605072587,0.10960960960960961,8.0,639,812,16.86,0.0,0
2025,16,00-0038679,Tyrell Shavers,WR,BUF,CLE,0.1451103777403996,0.13507318082617192,0.009563323378055322,0.08012820512820512,8.0,640,1148,3.38,0.0,0
2025,16,00-0032268,Marcus Mariota,QB,WAS,PHI,0.14453673362931038,0.1345768783129324,0.009491447097002448,0.23015873015873015,8.0,643,334,19.2,0.0,0
2025,16,00-0040584,Gunnar Helm,TE,TEN,KC,0.14449774495858103,0.13454313595801892,0.009486570745027456,0.15384615384615385,8.0,643,550,5.2,0.0,0
2025,16,00-0036628,John Bates,TE,WAS,PHI,0.14406802094515966,0.13417114844069966,0.009432899319330779,0.11764705882352941,8.0,645,750,4.18,0.0,0
2025,16,00-0039603,British Brooks,RB,HOU,LV,0.14316634129848504,0.1333900961111687,0.009320726838373039,0.15384615384615385,7.0,650,550,,0.0,0
2025,16,00-0034613,Tanner Hudson,TE,CIN,MIA,0.1408894356896258,0.13141465907191185,0.009040160540272346,0.125,8.0,661,700,1.92,0.0,0
2025,16,00-0035406,Lil'Jordan Humphrey,WR,DEN,JAX,0.14087566869460066,0.13140270117953246,0.00903847588187523,0.11764705882352941,7.0,661,750,2.71,0.0,0
2025,16,00-0038555,Tank Bigsby,RB,PHI,WAS,0.13966792664635186,0.13035302595789222,0.008891236179157214,0.13333333333333333,8.0,667,650,2.51,1.0,1
2025,16,00-0039796,Rasheen Ali,RB,BAL,NE,0.13963833733430736,0.13032729332150506,0.008887642535893248,0.125,8.0,667,700,3.11,0.0,0
2025,16,00-0040676,Cam Ward,QB,TEN,KC,0.13947860748494903,0.13018836953623403,0.008868254544934895,0.125,8.0,668,700,13.93,0.0,0
2025,16,00-0040729,Jack Bech,WR,LV,HOU,0.1387216882421117,0.12952974314344234,0.008776639547756093,0.10668563300142248,8.0,672,837,4.66,0.0,0
2025,16,00-0033375,Tim Patrick,WR,JAX,DEN,0.13840261505569754,0.1292519551099086,0.008738148642484012,0.10668563300142248,8.0,674,837,1.47,0.0,0
2025,16,00-0035993,Tyler Huntley,QB,BAL,NE,0.13715453348410286,0.12816451205391988,0.008588322429790018,,,680,,,0.0,0
2025,16,00-0036422,Adam Trautman,TE,DEN,JAX,0.1371367411295295,0.12814899990979034,0.008586195006897945,0.11764705882352941,8.0,680,750,1.41,0.0,0
2025,16,00-0038794,Jaleel McLaughlin,RB,DEN,JAX,0.1364699747191811,0.12756748510237526,0.008506641850104857,0.17700501253132833,8.0,684,465,3.41,0.0,0
2025,16,00-0040782,Isaiah Bond,WR,CLE,BUF,0.13607438154068333,0.1272222884765687,0.008459601158524843,0.13653308480894688,8.0,686,632,5.87,0.0,0
2025,16,00-0040187,Mitchell Evans,TE,CAR,TB,0.135042788222601,0.12632147226308277,0.008337487867272397,0.07142857142857142,8.0,692,1300,1.71,0.0,0
2025,16,00-0039356,Ja'Tavion Sanders,TE,CAR,TB,0.13492063179367375,0.12621474029523871,0.008323081003873023,0.19607843137254904,7.0,692,410,3.72,1.0,1
2025,16,00-0040238,LeQuint Allen Jr.,RB,JAX,DEN,0.13462210402356325,0.1259538521908692,0.008287920759113554,0.15384615384615385,7.0,694,550,4.92,0.0,0
2025,16,00-0032775,Demarcus Robinson,WR,SF,IND,0.13459576125795328,0.12593082709479408,0.008284821375508233,0.16666666666666666,8.0,694,500,3.68,1.0,1
2025,16,00-0037809,Chig Okonkwo,TE,TEN,KC,0.13428409571765643,0.12565836739781988,0.008248191915536607,0.13333333333333333,7.0,696,650,4.32,1.0,1
2025,16,00-0038393,Dontayvion Wicks,WR,GB,CHI,0.13362978205219553,0.12508608651414288,0.008171530940594418,0.150997150997151,8.0,699,562,2.85,0.0,0
2025,16,00-0039074,Davis Allen,TE,LA,SEA,0.13124691255974377,0.12299879495713772,0.007895094484087317,0.125,7.0,713,700,2.45,0.0,0
2025,16,00-0037801,KaVontae Turpin,WR,DAL,LAC,0.13068538758704462,0.1225061985897814,0.007830581047257867,0.15384615384615385,8.0,716,550,3.41,0.0,0
2025,16,00-0032392,Austin Hooper,TE,NE,BAL,0.12864853674389454,0.12071705310783976,0.007598588606303802,0.10526315789473684,8.0,728,850,2.0,0.0,0
2025,16,00-0037306,John FitzPatrick,TE,GB,CHI,0.12849322599949134,0.12058048041348801,0.00758102933489424,0.12158167036215817,8.0,729,722,2.25,0.0,0
2025,16,00-0039451,Isaiah Williams,WR,NYJ,NO,0.12808077649000185,0.1202176894526652,0.007534487975594639,0.14285714285714285,8.0,732,600,5.53,0.0,0
2025,16,00-0037805,Jeremy Ruckert,TE,NYJ,NO,0.12755622466282174,0.1197560769748971,0.007475485371423507,0.1619672131147541,8.0,735,517,4.92,0.0,0
2025,16,00-0039798,Isaiah Davis,RB,NYJ,NO,0.1262482489620333,0.11860398602357869,0.0073292826169396585,0.16807909604519772,8.0,743,495,5.19,0.0,0
2025,16,00-0033119,Jacoby Brissett,QB,ARI,ATL,0.1259044337026995,0.11830089652404574,0.007291070204727856,0.16666666666666666,8.0,745,500,20.92,0.0,0
2025,16,00-0040198,Ollie Gordon II,RB,MIA,CIN,0.12492074653808273,0.11743315370913965,0.007182244400724014,0.20620748299319727,8.0,752,385,1.88,0.0,0
2025,16,00-0037837,Calvin Austin III,WR,PIT,DET,0.12488772806107024,0.11740401221491226,0.007178604504616493,0.11764705882352941,8.0,752,750,5.09,0.0,0
2025,16,00-0037742,Treylon Burks,WR,WAS,PHI,0.12377574602702744,0.11642203546410945,0.007056513730637204,0.11269841269841269,8.0,759,787,3.17,0.0,0
2025,16,00-0036972,Mac Jones,QB,SF,IND,0.1220972010033162,0.1149376646255541,0.00687403076287596,,,770,,,0.0,0
2025,16,00-0039918,Caleb Williams,QB,CHI,GB,0.12197800017184016,0.11483215817116577,0.00686115500846074,0.19139194139194138,8.0,771,422,16.9,0.0,0
2025,16,00-0036429,Charlie Woerner,TE,ATL,ARI,0.1212326605331509,0.11417216156149446,0.006780895933264364,0.08333333333333333,7.0,776,1100,1.41,0.0,0
2025,16,00-0039912,Ben Sinnott,TE,WAS,PHI,0.12094662221684588,0.11391874461630103,0.006750209767980353,0.11764705882352941,8.0,778,750,4.04,0.0,0
2025,16,00-0039359,Cade Stover,TE,HOU,LV,0.11829840255550528,0.1115690969959221,0.006469140389594674,0.13333333333333333,8.0,796,650,1.34,0.0,0
2025,16,00-0033455,Anthony Firkser,TE,DET,PIT,0.11380843659164096,0.10757110376999235,0.006005166320851352,0.11764705882352941,8.0,830,750,1.36,0.0,0
2025,16,00-0039066,Michael Mayer,TE,LV,HOU,0.11376321245630004,0.1075307435321855,0.006000573897921524,0.1111111111111111,8.0,830,800,3.62,0.0,0
2025,16,00-0026498,Matthew Stafford,QB,LA,SEA,0.11130414457796069,0.1053334004505857,0.005753299905265186,0.038461538461538464,7.0,849,2500,18.72,0.0,0
2025,16,00-0039792,Devontez Walker,WR,BAL,NE,0.11076813660808145,0.10485372347898703,0.005700038437091992,0.06458333333333333,8.0,854,1448,1.76,0.0,0
2025,16,00-0040590,Konata Mumpfield,WR,LA,SEA,0.11066192615442731,0.1047586445377715,0.005689511769221056,0.16666666666666666,7.0,855,500,2.98,0.0,0
2025,16,00-0033854,Dare Ogunbowale,RB,HOU,LV,0.1096610780394313,0.10386219538479913,0.0055907576588069,0.16333333333333333,8.0,863,512,1.79,0.0,0
2025,16,00-0038618,Xavier Hutchinson,WR,HOU,LV,0.10896714756302474,0.1032401222383218,0.005522756309665033,0.16666666666666666,8.0,869,500,2.96,0.0,0
2025,16,00-0037252,Greg Dulcich,TE,MIA,CIN,0.1089553902855001,0.10322957872158456,0.005521607474702539,0.1266025641025641,8.0,869,690,2.06,0.0,0
2025,16,00-0038640,Jalen Brooks,WR,ARI,ATL,0.10684943799829055,0.10133903300096891,0.005317613726122161,0.13333333333333333,6.0,887,650,3.45,0.0,0
2025,16,00-0022942,Philip Rivers,QB,IND,SF,0.10641583601486806,0.10094928733211261,0.005276054123796392,0.038461538461538464,7.0,891,2500,14.09,0.0,0
2025,16,00-0032464,Kalif Raymond,WR,DET,PIT,0.10616435558439971,0.10072316524042924,0.005252019586200807,0.12861869313482216,8.0,893,677,2.24,1.0,1
2025,16,00-0034272,Marquez Valdes-Scantling,WR,PIT,DET,0.10569222928073393,0.10029849275082392,0.005207034762422125,0.125,7.0,897,700,2.34,0.0,0
2025,16,00-0037741,Jahan Dotson,WR,PHI,WAS,0.10521809261423615,0.09987181013239,0.005162038886215137,0.11764705882352941,8.0,901,750,3.21,0.0,0
2025,16,00-0038621,DeMario Douglas,WR,NE,BAL,0.1050865265256703,0.09975337599645406,0.005149585263460432,0.11942959001782531,8.0,902,737,3.61,0.0,0
2025,16,00-0030564,DeAndre Hopkins,WR,BAL,NE,0.10489964849980946,0.09958512396375818,0.005131919963556886,0.15384615384615385,8.0,904,550,3.37,0.0,0
2025,16,00-0035289,Gardner Minshew,QB,KC,TEN,0.10458834244536992,0.09930477572655305,0.005102555171332512,0.13333333333333333,8.0,907,650,17.36,0.0,0
2025,16,00-0033357,Taysom Hill,TE,NO,NYJ,0.10383650729280802,0.09862734676965812,0.005031958688967997,0.23529411764705882,8.0,914,325,2.71,0.0,0
2025,16,00-0038046,Charlie Kolar,TE,BAL,NE,0.10354464080656542,0.09836422790464316,0.00500467574467911,0.1,8.0,917,900,1.87,0.0,0
2025,16,00-0031236,Brandin Cooks,WR,BUF,CLE,0.10212317167986089,0.09708166914819816,0.004872785433726046,0.08514492753623187,8.0,930,1074,3.49,0.0,0
2025,16,00-0036637,Noah Gray,TE,KC,TEN,0.10099849007412372,0.09606560224122873,0.004769592941530565,0.11764705882352941,8.0,941,750,3.17,0.0,0
2025,16,00-0023459,Aaron Rodgers,QB,PIT,DET,0.10032522303760869,0.09545680809052537,0.004708310615056943,0.054411764705882354,8.0,948,1738,20.0,0.0,0
2025,16,00-0039041,Elijah Higgins,TE,ARI,ATL,0.10029381263579666,0.09542839557918936,0.004705460569746633,0.13118279569892471,8.0,948,662,2.32,0.0,0
2025,16,00-0034855,Baker Mayfield,QB,TB,CAR,0.09860794509319391,0.09390212148484944,0.004553671631168044,0.13423423423423422,8.0,965,645,22.48,0.0,0
2025,16,00-0032211,Tyler Lockett,WR,LV,HOU,0.09821467918451601,0.09354571400244127,0.0045185971077615905,0.08712121212121213,8.0,969,1048,3.5,0.0,0
2025,16,00-0037085,Tyler Badie,RB,DEN,JAX,0.09758151281800968,0.09297159589881554,0.004462392057716924,0.125,8.0,976,700,3.02,0.0,0
2025,16,00-0036887,Luke Farrell,TE,SF,IND,0.09756089828040214,0.09295289773494175,0.004460567655326875,0.1,7.0,976,900,0.96,0.0,0
2025,16,00-0037324,Chris Oladokun,QB,KC,TEN,0.09749659623368306,0.09289457087454733,0.004454879109721199,,,976,,,0.0,0
2025,16,00-0040206,Riley Leonard,QB,IND,SF,0.09666618319701789,0.09214098585046282,0.0043817200716195215,,,985,,,0.0,0
2025,16,00-0033106,Jared Goff,QB,DET,PIT,0.09608023148907793,0.0916088684282218,0.00433043822418,0.06274509803921569,8.0,992,1494,20.01,0.0,0
2025,16,00-0038976,Marvin Mims Jr.,WR,DEN,JAX,0.09548888612162199,0.09107153668206758,0.0042789701556007476,0.14285714285714285,7.0,998,600,3.61,0.0,0
2025,16,00-0038839,Mitchell Tinsley,WR,CIN,MIA,0.09530875472556753,0.09090779538202476,0.004263349429164731,0.08928571428571427,8.0,1000,1020,0.96,0.0,0
2025,16,00-0038783,Nate Adkins,TE,DEN,JAX,0.09476067852262256,0.09040940701346434,0.004215985244265696,0.09307359307359307,8.0,1006,974,1.39,0.0,0
2025,16,00-0032104,Ameer Abdullah,RB,IND,SF,0.09354058651470955,0.08929894550563822,0.004111434728671037,0.14039408866995073,8.0,1020,612,3.43,0.0,0
2025,16,00-0034981,Foster Moreau,TE,NO,NYJ,0.09349875548037136,0.08926084914175625,0.004107871969260213,0.10668563300142248,8.0,1020,837,2.41,0.0,0
2025,16,00-0039623,Mason Tipton,WR,NO,NYJ,0.0934712650872854,0.08923581222036459,0.004105531392408213,0.2173913043478261,8.0,1021,360,3.09,0.0,0
2025,16,00-0040138,Jaylin Noel,WR,HOU,LV,0.09240701881459454,0.08826601887027463,0.004015399722114954,0.10668563300142248,8.0,1033,837,2.04,0.0,0
2025,16,00-0040259,Gage Larvadain,WR,CLE,BUF,0.09152354806471738,0.08746017264790928,0.003941289898281242,0.08333333333333333,7.0,1043,1100,4.02,0.0,0
2025,16,00-0032398,Chris Moore,WR,WAS,PHI,0.09067282542524771,0.0866835240479299,0.0038705386659253493,0.05,7.0,1054,1900,1.29,0.0,0
2025,16,00-0033955,Jeremy McNichols,RB,WAS,PHI,0.09050620846512991,0.0865313373549913,0.0038567521472786526,0.1380952380952381,8.0,1056,624,3.6,0.0,0
2025,16,00-0038979,Cedric Tillman,WR,CLE,BUF,0.089863425349821,0.08594398637285527,0.003803782026717384,0.1,8.0,1064,900,2.33,0.0,0
2025,16,00-0040234,Quinn Ewers,QB,MIA,CIN,0.08976031554624868,0.08584973337771562,0.003795316989011921,0.09307359307359307,8.0,1065,974,15.49,0.0,0
2025,16,00-0034159,Will Dissly,TE,LAC,DAL,0.08956900140544091,0.08567482677436777,0.003779634048691194,0.10526315789473684,8.0,1067,850,1.16,0.0,0
2025,16,00-0040667,Matthew Golden,WR,GB,CHI,0.08918783768751237,0.08532625276428285,0.00374847905879494,0.17028985507246375,8.0,1072,487,3.58,0.0,0
2025,16,00-0037755,Jelani Woods,TE,NYJ,NO,0.08894870169524775,0.08510749519477756,0.0037289947016398983,0.06666666666666667,7.0,1075,1400,0.82,0.0,0
2025,16,00-0036534,Shane Zylstra,TE,DET,PIT,0.0889262739483368,0.08508697598713011,0.0037271697748604282,0.18019480519480519,8.0,1075,455,2.38,0.0,0
2025,16,00-0036442,Joe Burrow,QB,CIN,MIA,0.08763243754437755,0.08390246209184737,0.0036226018165531615,0.11764705882352941,8.0,1092,750,20.71,0.0,0
2025,16,00-0040311,Theo Wease Jr.,WR,MIA,CIN,0.08725138414589018,0.08355331349377637,0.0035920716001937025,,,1097,,,0.0,0
2025,16,00-0038685,Chris Brooks,RB,GB,CHI,0.08649205937235192,0.08285716855448422,0.0035315963241716597,0.16666666666666666,6.0,1107,500,2.38,0.0,0
2025,16,00-0033217,Mo Alie-Cox,TE,IND,SF,0.08642960886365449,0.08279989072961624,0.003526644035675819,0.0625,7.0,1108,1500,0.56,0.0,0
2025,16,00-0040237,Tez Johnson,WR,TB,CAR,0.08246297706031738,0.0791544703657876,0.003218806579465716,0.07142857142857142,7.0,1163,1300,0.79,0.0,0
2025,16,00-0039920,Malachi Corley,WR,CLE,BUF,0.08111072300333452,0.07790841095791823,0.003116895495421379,0.06666666666666667,8.0,1184,1400,1.98,0.0,0
2025,16,00-0040398,Brady Cook,QB,NYJ,NO,0.0806589750070226,0.0774917638274848,0.0030831950622733917,0.15692307692307694,8.0,1190,537,15.57,0.0,0
2025,16,00-0039751,Jordan Whittington,WR,LA,SEA,0.08023943070736883,0.07710464955550012,0.00305205203335579,0.05555555555555555,7.0,1197,1700,1.84,0.0,0
2025,16,00-0030035,Adam Thielen,WR,PIT,DET,0.07974828159603133,0.07665125899219993,0.003015783582968945,0.10526315789473684,8.0,1205,850,2.7,0.0,0
2025,16,00-0035125,Alec Ingold,FB,MIA,CIN,0.07791858617733678,0.07496026550115564,0.0028824772311466518,0.05263157894736842,7.0,1234,1800,1.26,0.0,0
2025,16,00-0035631,Drew Sample,TE,CIN,MIA,0.07786112577219031,0.07490711081610457,0.0028783370203983027,0.09090909090909091,8.0,1235,1000,0.98,0.0,0
2025,16,00-0034418,Cedrick Wilson Jr.,WR,MIA,CIN,0.07782673548744502,0.07487529606117349,0.0028758604348254613,0.05,7.0,1236,1900,2.24,0.0,0
2025,16,00-0038128,Malik Willis,QB,GB,CHI,0.07779502322191781,0.07484595779572745,0.0028735775985949674,,,1236,,,0.0,0
2025,16,00-0038440,Zavier Scott,RB,MIN,NYG,0.07702130080746077,0.07412986838495828,0.0028181464691928726,0.045454545454545456,7.0,1249,2100,0.48,0.0,0
2025,16,00-0040078,Brashard Smith,RB,KC,TEN,0.07701867938402077,0.07412744128411164,0.0028179595339096197,0.10526315789473684,8.0,1249,850,3.04,0.0,0
2025,16,00-0040218,Jimmy Horn Jr.,WR,CAR,TB,0.0764436200297556,0.07359485648910735,0.002777093704949496,0.06666666666666667,7.0,1259,1400,1.66,0.0,0
2025,16,00-0040352,Coleman Owen,WR,IND,SF,0.0763276616205974,0.07348742579380396,0.0027688875425647685,,,1261,,,0.0,0
2025,16,00-0040466,Raheim Sanders,RB,CLE,BUF,0.07630711003379884,0.07346838429454938,0.0027674343451201677,0.038461538461538464,7.0,1261,2500,0.94,0.0,0
2025,16,00-0039875,Ray Davis,RB,BUF,CLE,0.07622677176318184,0.07339394535676391,0.0027617571150915232,0.08893280632411067,8.0,1263,1024,1.4,0.0,0
2025,16,00-0038738,Hunter Luepke,RB,DAL,LAC,0.07532143710573512,0.07255467692962259,0.002698162358968914,0.058823529411764705,7.0,1278,1600,1.05,0.0,0
2025,16,00-0040494,Max Brosmer,QB,MIN,NYG,0.07421846371039058,0.07153116506322277,0.00262163453123887,,,1298,,,0.0,0
2025,16,00-0037231,Kevin Austin Jr.,WR,NO,NYJ,0.07319194937450531,0.0705775891477981,0.0025513511051731275,0.16025641025641024,8.0,1317,524,2.62,0.0,0
2025,16,00-0040704,Dillon Gabriel,QB,CLE,BUF,0.07242996979947344,0.06986911836829912,0.0024997667021573466,,,1331,,,0.0,0
2025,16,00-0037617,Hassan Haskins,RB,LAC,DAL,0.07192711617837982,0.0694012810693978,0.002465998897424937,0.043478260869565216,7.0,1341,2200,0.63,0.0,0
2025,16,00-0035544,Tom Kennedy,WR,DET,PIT,0.07189633088415505,0.06937263187304565,0.002463938684339695,0.06666666666666667,7.0,1341,1400,0.14,0.0,0
2025,16,00-0040164,Jaylin Lane,WR,WAS,PHI,0.07152544580991547,0.06902741205804741,0.0024391826686884777,0.10960960960960961,8.0,1349,812,2.57,0.0,0
2025,16,00-0040488,Carter Runyon,TE,LV,HOU,0.06952216186381682,0.0671605403055956,0.0023075243957657587,0.043478260869565216,7.0,1389,2200,,0.0,0
2025,16,00-0040184,KeAndre Lambert-Smith,WR,LAC,DAL,0.0687818350270159,0.06646967851895058,0.002259749954123813,0.11764705882352941,7.0,1404,750,1.26,0.0,0
2025,16,00-0031687,Raheem Mostert,RB,LV,HOU,0.06845885439965374,0.06616811761351327,0.0022390567434621422,0.05263157894736842,7.0,1411,1800,2.06,0.0,0
2025,16,00-0039458,Brenden Bates,TE,CLE,BUF,0.06801985562051943,0.06575807656005328,0.0022110758130318153,0.043478260869565216,7.0,1421,2200,,0.0,0
2025,16,00-0029604,Kirk Cousins,QB,ATL,ARI,0.06588744859808897,0.06376376693764274,0.0020775502560782533,0.058823529411764705,8.0,1468,1600,16.9,1.0,1
2025,16,00-0036331,Devin Duvernay,WR,CHI,GB,0.06306291732799074,0.06111560026695839,0.0019068109860532756,0.11764705882352941,8.0,1536,750,2.78,0.0,0
2025,16,00-0040208,Tahj Brooks,RB,CIN,MIA,0.06251824525510516,0.060604076861144995,0.0018746921467041044,0.05,6.0,1550,1900,0.63,0.0,0
2025,16,00-0038359,Xavier Smith,WR,LA,SEA,0.06174743409280711,0.05987970085508243,0.0018296846443216497,0.05555555555555555,7.0,1570,1700,1.33,0.0,0
2025,16,00-0040154,Tai Felton,WR,MIN,NYG,0.06124687010287202,0.0594089926871727,0.0018007374423543165,0.038461538461538464,7.0,1583,2500,1.03,0.0,0
2025,16,00-0040131,Kyle Williams,WR,NE,BAL,0.06020208496212317,0.058425763637098616,0.0017410314614328959,0.08333333333333333,8.0,1612,1100,0.98,1.0,1
2025,16,00-0039746,Will Shipley,RB,PHI,WAS,0.05941199918606173,0.057681545266381806,0.0016965220007371107,0.05263157894736842,7.0,1634,1800,1.12,0.0,0
2025,16,00-0039530,Brevyn Spann-Ford,TE,DAL,LAC,0.05874944419951894,0.05705700060054231,0.0016596234739969518,0.07692307692307693,7.0,1653,1200,0.5,0.0,0
2025,16,00-0037112,Jake Tonges,TE,SF,IND,0.05871432027107005,0.05702388015644333,0.0016576782479778007,0.06666666666666667,7.0,1654,1400,0.3,0.0,0
2025,16,00-0036590,Quintin Morris,TE,JAX,DEN,0.05827049664166403,0.056605272185308086,0.001633192866418498,0.07846153846153847,8.0,1667,1175,0.08,0.0,0
2025,16,00-0038400,Tanner McKee,QB,PHI,WAS,0.058229103093116144,0.0565662209216129,0.0016309181381293225,,,1668,,,0.0,0
2025,16,00-0037292,Andrew Ogletree,TE,IND,SF,0.05682621890361963,0.05524176377633272,0.0015547254336889527,0.043478260869565216,7.0,1710,2200,0.38,0.0,0
2025,16,00-0037487,Deven Thompkins,WR,ATL,ARI,0.055695452090119356,0.054172858288498604,0.0014945880317711602,0.045454545454545456,7.0,1746,2100,,0.0,0
2025,16,00-0040556,Corey Kiner,RB,ARI,ATL,0.05293242572614695,0.051555899261687244,0.0013524523439542024,0.09090909090909091,8.0,1840,1000,1.75,0.0,0
2025,16,00-0039521,Xavier Weaver,WR,ARI,ATL,0.05250847994534903,0.051153725142869755,0.0013312495483149833,0.13333333333333333,7.0,1855,650,0.39,0.0,0
2025,16,00-0040277,Jahdae Walker,WR,CHI,GB,0.05241016664196563,0.05106043634549573,0.0013263556812089794,0.10526315789473684,8.0,1858,850,0.77,1.0,1
2025,16,00-0036427,Tyler Johnson,WR,NYJ,NO,0.051947266739106955,0.05062107063033339,0.0013034301498795475,0.043478260869565216,7.0,1875,2200,0.44,0.0,0
2025,16,00-0040582,Arian Smith,WR,NYJ,NO,0.051806172714302635,0.05048710948578783,0.0012964806853518196,0.043478260869565216,7.0,1881,2200,1.64,0.0,0
2025,16,00-0035298,Scott Miller,WR,PIT,DET,0.05153508838629878,0.05022967653048849,0.0012831789638035884,0.043478260869565216,7.0,1891,2200,0.05,0.0,0
2025,16,00-0033576,Eric Saubert,TE,SEA,LA,0.049556574167209544,0.04834868226728606,0.001188103158742182,0.07142857142857142,7.0,1968,1300,0.51,0.0,0
2025,16,00-0032918,C.J. Ham,FB,MIN,NYG,0.0483614271216401,0.04721063907747036,0.0011323858369413076,0.047619047619047616,7.0,2018,2000,0.27,0.0,0
2025,16,00-0039648,David Martin-Robinson,TE,TEN,KC,0.046318183698540606,0.04526186825356615,0.0010401320833333116,0.029411764705882353,7.0,2109,3300,,0.0,0
2025,16,00-0039631,Cam Grandy,TE,CIN,MIA,0.04566963056160131,0.0446424690083157,0.0010116435136818813,0.045548654244306416,6.0,2140,2095,0.05,0.0,0
2025,16,00-0040009,Savion Williams,WR,GB,CHI,0.04557869018478999,0.044555584483861876,0.0010076794802641453,0.06666666666666667,8.0,2144,1400,0.51,0.0,0
2025,16,00-0040075,LaJohntay Wester,WR,BAL,NE,0.04541790050767838,0.04440194653342577,0.001000689215749695,0.043478260869565216,7.0,2152,2200,,0.0,0
2025,16,00-0037475,Stone Smartt,TE,NYJ,NO,0.04490850079047405,0.043915041151025735,0.0009786990207961699,0.05263157894736842,7.0,2177,1800,0.86,0.0,0
2025,16,00-0037594,Julius Chestnut,RB,TEN,KC,0.043754754688890576,0.04281132527545917,0.0009297696219026097,0.03333333333333333,7.0,2236,2900,0.65,0.0,0
2025,16,00-0039062,Jonathan Mingo,WR,DAL,LAC,0.042738420160569855,0.04183800685043915,0.0008876770053242167,0.043478260869565216,7.0,2290,2200,0.21,0.0,0
2025,16,00-0034860,Dante Pettis,WR,NO,NYJ,0.0418561848062056,0.040992309467662746,0.0008519063421688067,0.10263157894736842,8.0,2339,874,2.76,0.0,0
2025,16,00-0039398,Joe Milton III,QB,DAL,LAC,0.04147318615219641,0.04062494046657861,0.000836600032774526,,,2362,,,0.0,0
2025,16,00-0038840,Brycen Tremayne,WR,CAR,TB,0.04120740691727544,0.04036992460979505,0.0008260576031351441,0.06666666666666667,7.0,2377,1400,1.13,0.0,0
2025,16,00-0040644,Trevor Etienne,RB,CAR,TB,0.041136552448430154,0.04030192812161626,0.0008232580531337685,0.047619047619047616,7.0,2381,2000,0.63,0.0,0
2025,16,00-0038519,Nikko Remigio,WR,KC,TEN,0.04057833859925313,0.03976606181678366,0.0008013639386909022,0.09090909090909091,8.0,2415,1000,0.74,0.0,0
2025,16,00-0036862,Ben Skowronek,WR,PIT,DET,0.04044953164283691,0.039642369039684766,0.0007963526577157154,0.038461538461538464,7.0,2423,2500,0.27,0.0,0
2025,16,00-0026300,Josh Johnson,QB,WAS,PHI,0.04008417755939073,0.039291434353838084,0.0007822216256496706,,,2445,,,0.0,0
2025,16,00-0031484,Chris Manhertz,TE,NYG,MIN,0.039045189504384424,0.038292750909544426,0.0007427091210673309,0.043478260869565216,7.0,2511,2200,0.21,0.0,0
2025,16,00-0037120,Tyler Goodson,RB,IND,SF,0.03773932560374196,0.037036071782600266,0.0006944625509454072,0.05263157894736842,7.0,2600,1800,0.76,0.0,0
2025,16,00-0036620,Dee Eskridge,WR,MIA,CIN,0.037078094453696385,0.03639911947374652,0.0006706350099291436,0.04,7.0,2647,2400,0.72,0.0,0
2025,16,00-0040205,Kalel Mullings,RB,TEN,KC,0.036559083256737186,0.03589887002104952,0.0006522165422345738,0.03333333333333333,7.0,2686,2900,,0.0,0
2025,16,00-0035645,Gunner Olszewski,WR,NYG,MIN,0.035719061899092665,0.03508866423349766,0.0006229365041178214,0.043478260869565216,7.0,2750,2200,0.53,0.0,0
2025,16,00-0036876,Kylen Granson,TE,PHI,WAS,0.03512918932513934,0.0345193215969376,0.0006027680555524828,0.038461538461538464,7.0,2797,2500,0.29,0.0,0
2025,16,00-0036741,Jack Stoll,TE,NO,NYJ,0.03490386896075358,0.034301754628458636,0.0005951496163807413,0.05,7.0,2815,1900,0.12,0.0,0
2025,16,00-0040534,Ke'Shawn Williams,WR,CIN,MIA,0.03260525360345702,0.03207943265792235,0.0005201370917318204,,,3017,,,0.0,0
2025,16,00-0035602,Alex Bachman,WR,LV,HOU,0.030680883444937676,0.030215001850171008,0.00046114135528696476,0.03333333333333333,7.0,3210,2900,0.21,0.0,0
2025,16,00-0038090,Skyy Moore,WR,SF,IND,0.030178217358624502,0.029727401280717825,0.0004463038994498847,0.07417582417582418,8.0,3264,1248,0.56,0.0,0
2025,16,00-0037132,Britain Covey,WR,PHI,WAS,0.027821089509531344,0.02743764715562258,0.0003799028835386187,0.04,7.0,3545,2400,0.04,0.0,0
2025,16,00-0034928,Steven Sims,WR,ARI,ATL,0.025775311840133996,0.02544596423649037,0.00032653005962479664,,,3830,,,0.0,0
2025,16,00-0040506,Myles Price,WR,MIN,NYG,0.025615404878967872,0.025290113801686664,0.00032252542718413935,0.043478260869565216,7.0,3854,2200,,0.0,0
2025,16,00-0039589,Kameron Johnson,WR,TB,CAR,0.022875367057975805,0.022615709537835094,0.00025768513681390104,0.038461538461538464,7.0,4322,2500,0.15,0.0,0
2025,16,00-0036332,Josiah Deguara,TE,ARI,ATL,0.020500836732045464,0.02029212327880081,0.0002072920530405975,0.07142857142857142,7.0,4828,1300,0.1,0.0,0
