player_id,player,position,yahoo_id
00-0034857,Josh Allen,QB,30977
00-0039851,Drake Maye,QB,40881
00-0036389,Jalen Hurts,QB,32723
00-0039918,Caleb Williams,QB,40900
00-0034796,Lamar Jackson,QB,31002
00-0033873,Patrick Mahomes,QB,30123
00-0039732,Bo Nix,QB,40875
00-0036355,Justin Herbert,QB,32676
00-0037834,Brock Purdy,QB,34218
00-0033106,Jared Goff,QB,29235
00-0036442,Joe Burrow,QB,32671
00-0036971,Trevor Lawrence,QB,33389
00-0040691,Jaxson Dart,QB,41810
00-0039910,Jayden Daniels,QB,40896
00-0034855,Baker Mayfield,QB,30971
00-0036264,Jordan Love,QB,32696
00-0033077,Dak Prescott,QB,29369
00-0026498,Matthew Stafford,QB,9265
00-0034869,Sam Darnold,QB,30973
00-0039163,C.J. Stroud,QB,40030
00-0040743,Tyler Shough,QB,41825
00-0035228,Kyler Murray,QB,31833
00-0038128,Malik Willis,QB,34042
MEN516487,Fernando Mendoza,QB,42623
00-0039139,Jahmyr Gibbs,RB,40059
00-0038542,Bijan Robinson,RB,40055
00-0036223,Jonathan Taylor,RB,32711
00-0039040,De'Von Achane,RB,40118
00-0040122,Ashton Jeanty,RB,41791
00-0037248,James Cook,RB,34019
00-0034844,Saquon Barkley,RB,30972
00-0040666,Omarion Hampton,RB,41807
00-0037840,Kyren Williams,RB,34120
00-0035700,Josh Jacobs,RB,31856
00-0033280,Christian McCaffrey,RB,30121
00-0032764,Derrick Henry,RB,29279
00-0038120,Breece Hall,RB,33991
00-0038134,Kenneth Walker,RB,33996
00-0040715,Cam Skattebo,RB,41922
00-0038597,Chase Brown,RB,40196
00-0036973,Travis Etienne,RB,33413
00-0040734,TreVeyon Henderson,RB,41823
00-0040784,Quinshon Judkins,RB,41821
00-0036275,D'Andre Swift,RB,32705
00-0036997,Javonte Williams,RB,33423
00-0036875,Rhamondre Stevenson,RB,33508
00-0036158,J.K. Dobbins,RB,32725
LOV121782,Jeremiyah Love,RB,42625
00-0039361,Bucky Irving,RB,40993
00-0035685,David Montgomery,RB,31905
00-0040730,RJ Harvey,RB,41845
00-0036555,Chuba Hubbard,RB,33514
00-0037228,Jaylen Warren,RB,34447
00-0035261,Tony Pollard,RB,31960
00-0040242,Jacory Croskey-Merritt,RB,42010
PRI206342,Jadarian Price,RB,42654
00-0039165,Zach Charbonnet,RB,40075
00-0033293,Aaron Jones,RB,30295
00-0040236,Kyle Monangai,RB,42025
00-0036919,Kenny Gainwell,RB,33538
00-0040719,Bhayshul Tuten,RB,41900
00-0036139,Rico Dowdle,RB,33100
00-0037256,Rachaad White,RB,34047
00-0039384,Tyrone Tracy,RB,41048
00-0040583,Woody Marks,RB,41902
00-0039738,Blake Corum,RB,40962
00-0038611,Chris Rodriguez,RB,40231
00-0039032,Tyjae Spears,RB,40119
00-0037525,Jordan Mason,RB,34320
00-0033906,Alvin Kamara,RB,30180
00-0040162,Dylan Sampson,RB,41907
00-0037746,Brian Robinson,RB,34054
00-0037263,Tyler Allgeier,RB,34107
00-0033553,James Conner,RB,30218
00-0038555,Tank Bigsby,RB,40095
WAS797326,Mike Washington,RB,42744
00-0038454,Keaton Mitchell,RB,40641
00-0037197,Isiah Pacheco,RB,34207
00-0039794,Braelon Allen,RB,40981
00-0039391,Kimani Vidal,RB,41052
COL293648,Jonah Coleman,RB,42730
00-0039921,Trey Benson,RB,40958
00-0039344,Jonathon Brooks,RB,40926
JOH224817,Emmett Johnson,RB,42796
00-0037744,Trey McBride,TE,34010
00-0039338,Brock Bowers,TE,40878
00-0040128,Tyler Warren,TE,41799
00-0040663,Harold Fannin,TE,41877
00-0040126,Colston Loveland,TE,41795
00-0036970,Kyle Pitts,TE,33392
00-0039065,Sam LaPorta,TE,40064
00-0033288,George Kittle,TE,30259
00-0034753,Mark Andrews,TE,31056
00-0030506,Travis Kelce,TE,26686
00-0033090,Hunter Henry,TE,29269
00-0038041,Jake Ferguson,TE,34085
00-0040189,Oronde Gadsden,TE,41951
00-0038933,Dalton Kincaid,TE,40048
00-0038996,Tucker Kraft,TE,40102
00-0036040,Juwan Johnson,TE,33113
00-0034383,Dalton Schultz,TE,31107
00-0039793,AJ Barner,TE,41001
00-0038935,Brenton Strange,TE,40078
00-0034351,Dallas Goedert,TE,31019
00-0035229,T.J. Hockenson,TE,31840
00-0037838,Isaiah Likely,TE,34095
00-0037809,Chig Okonkwo,TE,34099
SAD482340,Kenyon Sadiq,TE,42638
00-0036900,Ja'Marr Chase,WR,33393
00-0036963,Amon-Ra St. Brown,WR,33500
00-0039075,Puka Nacua,WR,40168
00-0038543,Jaxon Smith-Njigba,WR,40041
00-0036554,Nico Collins,WR,33477
00-0037238,Drake London,WR,33963
00-0036358,CeeDee Lamb,WR,32687
00-0036322,Justin Jefferson,WR,32692
00-0039064,Zay Flowers,WR,40039
00-0037247,George Pickens,WR,34007
00-0040124,Tetairoa McMillan,WR,41793
00-0037239,Chris Olave,WR,33966
00-0036410,Tee Higgins,WR,32703
00-0039915,Ladd McConkey,WR,40908
00-0037240,Jameson Williams,WR,33967
00-0036912,DeVonta Smith,WR,33398
00-0035676,A.J. Brown,WR,31883
00-0040129,Emeka Egbuka,WR,41804
00-0039337,Malik Nabers,WR,40899
00-0039893,Brian Thomas,WR,40883
00-0037740,Garrett Wilson,WR,33965
00-0039067,Rashee Rice,WR,40084
00-0038544,Quentin Johnston,WR,40051
00-0035640,DK Metcalf,WR,31896
00-0037664,Alec Pierce,WR,34008
00-0038117,Wan'Dale Robinson,WR,33998
00-0039849,Marvin Harrison,WR,40893
00-0039919,Rome Odunze,WR,40901
00-0031381,Davante Adams,WR,27581
00-0040735,Luther Burden,WR,41824
00-0036613,Jaylen Waddle,WR,33394
00-0034827,DJ Moore,WR,30994
00-0038559,Michael Wilson,WR,40121
00-0035659,Terry McLaurin,WR,31908
00-0034348,Courtland Sutton,WR,31010
00-0038994,Jordan Addison,WR,40042
00-0034960,Jakobi Meyers,WR,32231
00-0038124,Christian Watson,WR,33989
00-0038606,Parker Washington,WR,40234
00-0036252,Michael Pittman,WR,32704
00-0031408,Mike Evans,WR,27535
00-0039894,Xavier Worthy,WR,40877
00-0037261,Khalil Shakir,WR,34104
00-0037816,Romeo Doubs,WR,34088
00-0038997,Josh Downs,WR,40126
00-0039146,Jayden Reed,WR,40063
00-0033921,Chris Godwin,WR,30197
00-0040667,Matthew Golden,WR,41808
00-0037545,Rashid Shaheed,WR,34659
00-0035719,Deebo Samuel,WR,31868
TAT143045,Carnell Tate,WR,42626
00-0039491,Jalen Coker,WR,41293
LEM694125,Makai Lemon,WR,42642
00-0036259,Jauan Jennings,WR,32887
00-0036407,Jerry Jeudy,WR,32685
00-0039868,Troy Franklin,WR,41009
TYS405541,Jordyn Tyson,WR,42630
CON046719,KC Concepcion,WR,42646
00-0040727,Tre' Harris,WR,41840
00-0036261,Brandon Aiyuk,WR,32695
COO816508,Omar Cooper,WR,42652
00-0039855,Jalen McMillan,WR,40954
00-0040705,Chimere Dike,WR,41903
BOS677861,Denzel Boston,WR,42661
00-0031588,Stefon Diggs,WR,28534
00-0040134,Pat Bryant,WR,41860
00-0034837,Calvin Ridley,WR,30996
00-0039890,Adonai Mitchell,WR,40915
00-0040718,Travis Hunter,WR,99001
00-0038608,Kayshon Boutte,WR,40224
WIL143106,Antonio Williams,WR,42693
00-0033040,Tyreek Hill,WR,29399
